标题,标签,创建时间
深色科技618电商运营销售看板,,2025-06-12T12:37:40.020Z
蓝色简洁科技工作简洁市场营销,,2025-06-12T12:37:40.020Z
基础柱状图,,2024-11-28T08:38:58.447Z
橙色复古简洁研发产品经理简历,,2024-11-28T08:38:48.812Z
蓝绿简洁公司行业分析工作总结,,2024-11-28T08:38:46.437Z
橙色简洁楼盘销售报告数据报告,,2024-11-28T08:38:44.934Z
橙色现代项目步骤分析单页,,2025-06-12T12:37:40.020Z
红色现代简洁金融企业财报,,2025-06-12T12:37:40.020Z
深色简洁生产管理物业监控大屏,,2024-12-04T08:56:50.141Z
折线+分组柱状混合图,,2024-11-28T08:38:55.785Z
蓝黑科技世界原油市场份额数据报告,,2024-11-28T08:38:50.607Z
橙蓝现代3D设计师简历,,2024-11-28T08:38:48.866Z
红蓝复古报告风格化图表A1工作总结,,2024-11-28T08:38:46.841Z
浅蓝现代科技市场营销教育培训单页,,2025-06-12T12:37:40.020Z
基础折线图,,2024-11-28T08:38:58.138Z
黑黄现代全球影史票房数据报告,,2024-11-28T08:38:50.758Z
蓝色现代简洁研发产品经理简历,,2024-11-28T08:38:48.845Z
紫绿现代报告集合A1月报周报,,2024-11-28T08:38:46.781Z
蓝色科技简洁人力资源月报数据报告,,2024-11-28T08:38:46.453Z
蓝色简洁人事分析HR年中总结大屏,,2024-11-28T08:38:43.763Z
蓝绿科技简洁市场营销报告单页,,2025-06-12T12:37:40.020Z
红色现代小红书运营分析工作总结大屏,,2024-12-04T08:56:50.159Z
饼图,,2024-11-28T08:38:55.303Z
黑绿现代简洁某职业生涯奖金收入排行榜,,2024-11-28T08:38:50.671Z
黄黑现代简洁教师行政人力简历,,2024-11-28T08:38:49.095Z
橙红现代简洁渠道运营周报月报,,2024-11-28T08:38:46.783Z
绿色简洁茶饮品牌数据报告工作总结,,2024-11-28T08:38:46.432Z
蓝橙简洁科技区域数据对比市场营销,,2025-06-12T12:37:40.020Z
维诺图,,2024-11-28T08:38:55.130Z
黑橙科技现代冲锋衣性能指数数据报告,,2024-11-28T08:38:50.747Z
黑红复古简洁摄影设计产品经理简历,,2024-11-28T08:38:49.099Z
黄色浅色物流仓储数据数据报告,,2024-11-28T08:38:47.486Z
蓝红复古报告风格化图表A2数据报告,,2024-11-28T08:38:47.052Z
深色科技生产管理物业监控大屏,,2024-11-28T08:38:43.974Z
蓝色现代简洁新品上线时间规划工作总结,,2025-06-12T12:37:40.020Z
桑基图,,2024-11-28T08:38:55.474Z
蓝绿科技2023年汽车销量排行排行榜,,2024-11-28T08:38:50.926Z
白绿复古现代简洁原画设计简历,,2024-11-28T08:38:49.061Z
红色简洁电商年终财务报告工作总结,,2024-11-28T08:38:47.464Z
蓝色现代简洁现代报告集合A3数据报告,,2024-11-28T08:38:47.079Z
深色简洁销售看板,,2024-11-28T08:38:45.002Z
浅蓝色科技现代战略分析系列战略分析系列-SWOT研究报告,,2025-02-22T16:45:47.195Z
蓝色简洁学情分析结果大屏,,2024-12-04T08:56:50.203Z
雷达图,,2024-11-28T08:38:58.123Z
黑橙色现代英文数据报告,,2024-11-28T08:38:50.936Z
白色浅色现代简洁教师运营销售简历,,2024-11-28T08:38:49.348Z
红黄复古月度财务收支报表企业财报,,2024-11-28T08:38:47.477Z
紫绿现代报告风格化图表A2工作总结财报,,2024-11-28T08:38:47.098Z
词云图,,2025-06-12T12:37:40.020Z
蓝紫色现代简洁信息图科普数据报告,,2025-06-12T12:37:40.020Z
绿色现代考试成绩数据报告,,2024-11-28T08:38:50.930Z
蓝黑现代简洁设计咨询市场简历,,2024-11-28T08:38:49.382Z
蓝色简洁每月API重点关注数据报告,,2024-11-28T08:38:47.718Z
蓝色简洁学情分析大学科研项目大屏,,2024-11-28T08:38:44.234Z
金色现代简洁全球数据安全市场分析报告,,2025-06-12T12:37:40.020Z
绿色科技生产管理充电桩分析大屏,,2024-12-04T08:56:50.424Z
圆环进度图,,2024-11-28T08:38:54.983Z
黑橙简洁现代某高校系别人数变化数据报告,,2024-11-28T08:38:51.134Z
蓝白现代简洁人力产品经理教师简历,,2024-11-28T08:38:49.406Z
橙绿简洁中国教师人群画像工作总结,,2024-11-28T08:38:47.690Z
紫色科技简洁Q2企业财报,,2025-06-12T12:37:40.020Z
组成瀑布图,,2024-11-28T08:38:54.906Z
黑蓝现代咖啡市场份额数据报告,,2024-11-28T08:38:51.084Z
橙色浅色现代电商运营人力教师简历,,2024-11-28T08:38:49.639Z
蓝色现代苹果发布会数据报告,,2024-11-28T08:38:47.699Z
深色复古游戏公司工作总结大屏,,2024-11-28T08:38:44.337Z
绿色科技现代智能家居全面解决方案,,2025-06-12T12:37:40.020Z
黄色现代复古行政人力运营设计简历,,2024-12-04T10:07:55.613Z
深色科技汽车销售看板,,2024-12-04T08:56:50.535Z
玉诀图,,2024-11-28T08:38:55.139Z
橙红复古玫瑰图科普数据报告,,2024-11-28T08:38:51.117Z
绿黑简洁微信运营年终报告工作总结,,2024-11-28T08:38:47.946Z
复古简洁财务产品解决方案,,2025-06-12T12:37:40.020Z
橙色现简洁代项目分总结单页,,2025-06-12T12:37:40.020Z
玫瑰图,,2024-11-28T08:38:55.135Z
红橙现代科技某购物节销售数据数据报告,,2024-11-28T08:38:51.303Z
蓝黑科技简洁苹果发布会数据报告,,2024-11-28T08:38:47.897Z
蓝色简洁人事分析薪酬福利大屏,,2024-11-28T08:38:44.353Z
橙色现代项目成果分析单页,,2025-06-12T12:37:40.020Z
分组柱状图,,2024-11-28T08:38:55.299Z
蓝黄复古全国各职称教师年龄构成数据报告,,2024-11-28T08:38:51.295Z
蓝色现代简洁高校毕业生流向情况数据报告,,2024-11-28T08:38:48.169Z
深蓝色现代科技汽车销售看板,,2024-11-28T08:38:44.629Z
橙色现代工作总结分析单页,,2025-06-12T12:37:40.020Z
蓝色科技浅色美妆各香型产品销售占比数据报告,,2024-11-28T08:38:58.632Z
打卡气泡图,,2024-11-28T08:38:55.283Z
绿色现代简洁大学生必备清单数据报告,,2024-11-28T08:38:48.191Z
深色简洁微信运营工作总结大屏,,2024-11-28T08:38:44.579Z
橙色现代工作项目研究分析单页,,2025-06-12T12:37:40.020Z
条形进度图,,2024-11-28T08:38:55.475Z
紫橙现代音乐节工作总结,,2024-11-28T08:38:48.390Z
绿色简洁双十一店铺销售看板,,2024-11-28T08:38:44.603Z
橙色简洁工作总结单页,,2025-06-12T12:37:40.020Z
蓝橙现代招新海报攻略,,2024-11-28T08:38:58.704Z
笛卡尔热力图,,2024-11-28T08:38:55.483Z
蓝色现代简洁季度财报周报月报,,2024-11-28T08:38:48.380Z
蓝色简洁政务窗口办事工作总结大屏,,2024-11-28T08:38:44.820Z
蓝色简洁产品运营工作总结,,2025-06-12T12:37:40.020Z
橙色现代项目数据分析单页,,2025-06-12T12:37:40.020Z
蓝黑科技现代城市数据报告,,2024-11-28T08:38:58.782Z
单层矩形树图,,2024-11-28T08:38:55.623Z
紫色现代简洁小红书数据报告周报月报,,2024-11-28T08:38:48.408Z
浅色简洁工作总结大屏,,2025-06-12T12:37:40.020Z
橙色现代数据对比分析单页,,2025-06-12T12:37:40.020Z
橙红现代简洁产品销量数据报告,,2024-11-28T08:38:58.944Z
漏斗图,,2024-11-28T08:38:55.637Z
橙色现代简洁运动数据报告,,2024-11-28T08:38:48.595Z
橙色现代数据分析单页,,2025-06-12T12:37:40.020Z
蓝色现代科技产品销量报告排行榜,,2024-11-28T08:38:59.091Z
绿色浅色现代简洁CPI数据报告,,2024-11-28T08:38:58.951Z
差值箭头柱状图,,2024-11-28T08:38:55.632Z
深色简洁电商直播销售看板,,2024-11-28T08:38:44.005Z
蓝色科技简洁市场营销单页,,2025-06-12T12:37:40.020Z
差值箭头条形图,,2024-11-28T08:38:55.790Z
蓝色现代简洁人力资源2024年终总结周报月报,,2024-11-28T08:38:48.612Z
紫色简洁双十一平台数据销售看板,,2024-11-28T08:38:44.940Z
蓝色现代简洁项目问题分析单页,,2025-06-12T12:37:40.020Z
折线+堆叠柱状混合图,,2024-11-28T08:38:55.776Z
绿色简洁健康数据销售看板,,2024-11-28T08:38:46.221Z
蓝橙简洁年轻人假日消费数据报告,,2024-11-28T08:38:45.213Z
橙色现代简洁电商企业财报,,2025-06-12T12:37:40.020Z
蓝色科技简洁产品汇报单页,,2025-06-12T12:37:40.020Z
河流图,,2024-11-28T08:38:55.940Z
橙色现代生产管理物流数据大屏,,2024-11-28T08:38:45.213Z
蓝色现代简洁政务数据报告,,2025-06-12T12:37:40.020Z
蓝色科技简洁数据分析单页,,2025-06-12T12:37:40.020Z
堆叠面积图,,2024-11-28T08:38:57.981Z
深色简洁健身数据销售看板,,2024-11-28T08:38:47.941Z
蓝色现代简洁2024年终总结,,2025-06-12T12:37:40.020Z
蓝色科技简洁工作安排单页,,2025-06-12T12:37:40.020Z
层叠面积图,,2024-11-28T08:38:55.944Z
蓝色科技未来智能家居销售看板,,2024-11-28T08:38:48.177Z
蓝色科技简洁数据汇报单页,,2025-06-12T12:37:40.020Z
蝴蝶图,,2024-11-28T08:38:58.126Z
紫色科技企业财务工作总结大屏,,2024-11-28T08:38:48.603Z
蓝色科技简洁项目流程单页,,2025-06-12T12:37:40.020Z
蓝色现代互联网企业年终工作总结看板,,2025-02-22T13:40:28.873Z
分组条形图,,2024-11-28T08:38:58.286Z
蓝色现代简洁数据单页,,2025-06-12T12:37:40.020Z
深色简洁健康数据销售看板,,2025-02-22T16:45:47.221Z
堆叠条形图,,2024-11-28T08:38:58.283Z
蓝色科技简洁数据对比单页,,2025-06-12T12:37:40.020Z
蓝色简洁证券公司年度工作总结看板,,2025-02-22T16:45:47.197Z
堆叠柱状图,,2024-11-28T08:38:58.302Z
蓝色科技现代项目进程单页,,2025-06-12T12:37:40.020Z
深色现代生产管理工厂数据大屏,,2025-02-22T16:45:47.203Z
基础条形图,,2024-11-28T08:38:58.452Z
符号条形图,,2025-06-12T12:37:40.020Z
蓝色简洁财报分析单页,,2025-06-12T12:37:40.020Z
浅紫色现代美妆年中数据销售看板,,2025-02-22T16:45:46.874Z
符号柱状图,,2025-06-12T12:37:40.020Z
蓝色简洁季度目标单页,,2025-06-12T12:37:40.020Z
深色科技生产管理采购项目看板,,2025-02-22T16:45:46.891Z
水波图,,2025-06-12T12:37:40.020Z
蓝色简洁项目汇报单页,,2025-06-12T12:37:40.020Z
黄色简洁财务年终工作总结看板,,2025-02-22T16:45:46.961Z
符号饼图,,2025-06-12T12:37:40.020Z
蓝色简洁销售数据分析单页,,2025-06-12T12:37:40.020Z
深蓝色科技学情分析高校研究大屏,,2024-11-28T08:38:43.801Z
广东省地图,,2025-06-12T12:37:40.020Z
紫橙现代美妆年中数据销售看板,,2025-06-12T12:37:40.020Z
蓝色简洁数据成果单页,,2025-06-12T12:37:40.020Z
江苏省地图,,2025-06-12T12:37:40.020Z
蓝绿简洁零售年中综合数据销售看板,,2025-06-12T12:37:40.020Z
蓝色简洁产品销量分析单页,,2025-06-12T12:37:40.020Z
中国地图,,2025-06-12T12:37:40.020Z
黄紫科技生产管理物流数据月度看板,,2025-06-12T12:37:40.020Z
蓝色简洁数据展示单页,,2025-06-12T12:37:40.020Z
浙江省地图,,2025-06-12T12:37:40.020Z
深色618购物节广告投放数量销售看板,,2025-06-12T12:37:40.020Z
蓝色简洁数据调查单页,,2025-06-12T12:37:40.020Z
蓝色简洁2024年销售看板,,2025-06-12T12:37:40.020Z
北京市地图,,2025-06-12T12:37:40.020Z
蓝色简洁活动分析单页,,2025-06-12T12:37:40.020Z
蓝色简洁数据对比单页,,2025-06-12T12:37:40.020Z
上海市地图,,2025-06-12T12:37:40.020Z
蓝城618购物节电商运营销售看板,,2025-06-12T12:37:40.020Z
深色简洁舆情数据看板,,2025-06-12T12:37:40.020Z
广州市地图,,2025-06-12T12:37:40.020Z
红橙色现代市场营销单页,,2025-06-12T12:37:40.020Z
深圳市地图,,2025-06-12T12:37:40.020Z
深蓝色简洁工业年中生产管理看板,,2025-06-12T12:37:40.020Z
红橙色现代销售数据分析单页,,2025-06-12T12:37:40.020Z
杭州市地图,,2025-06-12T12:37:40.020Z
深色科技月度财务数据工作总结,,2025-06-12T12:37:40.020Z
红橙色现代数据对比单页,,2025-06-12T12:37:40.020Z
中国地图-区域,,2025-06-12T12:37:40.020Z
浅色简洁年度总结年终报告看板,,2025-06-12T12:37:40.020Z
红橙色简洁数据分析单页,,2025-06-12T12:37:40.020Z
世界地图,,2025-06-12T12:37:40.020Z
绿色简洁财务收支看板,,2025-06-12T12:37:40.020Z
红橙色现代项目汇报单页,,2025-06-12T12:37:40.020Z
橙色复古简洁财务销售回款进度看板,,2025-06-12T12:37:40.020Z
红橙色现代工作分析单页,,2025-06-12T12:37:40.020Z
红橙色现代市场数据分析单页,,2025-06-12T12:37:40.020Z
红橙色现代工作进程分析单页,,2025-06-12T12:37:40.020Z
红橙色现代数据汇报单页,,2025-06-12T12:37:40.020Z
红橙色现代产品销量分析单页,,2025-06-12T12:37:40.020Z
绿橙色科技数据分析单页,,2025-06-12T12:37:40.020Z
绿色科技市场营销单页,,2025-06-12T12:37:40.020Z
绿色科技项目汇报单页,,2025-06-12T12:37:40.020Z
绿色科技工作汇报单页,,2025-06-12T12:37:40.020Z
绿色科技数据分析单页,,2025-06-12T12:37:40.020Z
绿橙色科技市场营销单页,,2025-06-12T12:37:40.020Z
绿色科技数据整理单页,,2025-06-12T12:37:40.020Z
绿色科技数据调查单页,,2025-06-12T12:37:40.020Z
绿橙色科技销售分析单页,,2025-06-12T12:37:40.020Z
绿橙色科技用户数据分析单页,,2025-06-12T12:37:40.020Z
浅蓝简洁现代工作总结教育培训,,2025-06-12T12:37:40.020Z
蓝色科技简洁教育培训市场营销,,2025-06-12T12:37:40.020Z
蓝绿科技现代工作总结单页,,2025-06-12T12:37:40.020Z
蓝色简洁现代工作总结市场营销,,2025-06-12T12:37:40.020Z
蓝色简洁现代教育培训市场营销,,2025-06-12T12:37:40.020Z
蓝色现代项目汇报教育培训,,2025-06-12T12:37:40.020Z
蓝绿简洁科技市场营销研究报告单页,,2025-06-12T12:37:40.020Z
蓝色科技工作总结市场营销单页,,2025-06-12T12:37:40.020Z
橙红现代研究报告单页,,2025-06-12T12:37:40.020Z
橙蓝现代工作总结市场营销,,2025-06-12T12:37:40.020Z
橙色现代简洁工作总结研究报告单页,,2025-06-12T12:37:40.020Z
橙红现代工作总结研究报告单页,,2025-06-12T12:37:40.020Z
橙红科技市场营销研究报告,,2025-06-12T12:37:40.020Z
橙色科技简洁工作总结,,2025-06-12T12:37:40.020Z
橙红现代简洁研究报告,,2025-06-12T12:37:40.020Z
橙色现代科技市场营销工作总结,,2025-06-12T12:37:40.020Z
橙红简洁市场营销研究报告,,2025-06-12T12:37:40.020Z
蓝绿科技简洁数据分析单页,,2025-06-12T12:37:40.020Z
蓝绿科技简洁市场营销单页,,2025-06-12T12:37:40.020Z
蓝绿科技简洁项目分析单页,,2025-06-12T12:37:40.020Z
蓝绿科技简洁工作汇报单页,,2025-06-12T12:37:40.020Z
红色现代研究流程报告单页,,2025-06-12T12:37:40.020Z
红蓝现代简洁研究方法报告,,2025-06-12T12:37:40.020Z
红黄现代研究成果报告,,2025-06-12T12:37:40.020Z
红色现代研究背景报告,,2025-06-12T12:37:40.020Z
红蓝现代简洁研究背景报告,,2025-06-12T12:37:40.020Z
红蓝现代数据收集分析研究报告,,2025-06-12T12:37:40.020Z
红色现代简洁难点分析研究报告,,2025-06-12T12:37:40.020Z
红色现代简洁论文总结研究报告,,2025-06-12T12:37:40.020Z
红色现代简洁文献参考研究报告,,2025-06-12T12:37:40.020Z
红蓝现代简洁难度原因研究报告,,2025-06-12T12:37:40.020Z
蓝色简洁现代运营指标单页,,2025-06-12T12:37:40.020Z
蓝色简洁现代趋势分析单页,,2025-06-12T12:37:40.020Z
蓝色简洁现代转化漏斗市场营销,,2025-06-12T12:37:40.020Z
红蓝现代局部销售数据单页,,2025-06-12T12:37:40.020Z
蓝色简洁现代活动效果对比工作总结,,2025-06-12T12:37:40.020Z
蓝绿简洁现代经营指标工作总结,,2025-06-12T12:37:40.020Z
蓝橙现代学习成果研究报告,,2025-06-12T12:37:40.020Z
蓝橙现代教学优缺点对比研究报告,,2025-06-12T12:37:40.020Z
蓝橙现代教学成果研究报告,,2025-06-12T12:37:40.020Z
蓝橙现代阶段性计划教育培训,,2025-06-12T12:37:40.020Z
蓝橙现代教学问题诊断研究报告,,2025-06-12T12:37:40.020Z
蓝橙现代新模式目标研究报告,,2025-06-12T12:37:40.020Z
橙蓝教育培训研究报告,,2025-06-12T12:37:40.020Z
蓝橙现代能力提升分析,,2025-06-12T12:37:40.020Z
蓝橙现代课程创新点研究报告,,2025-06-12T12:37:40.020Z
蓝橙现代预算与目标研究报告,,2025-06-12T12:37:40.020Z
橙色现代学习目标计划表,,2025-06-12T12:37:40.020Z
蓝色现代区域化扩张研究报告,,2025-06-12T12:37:40.020Z
蓝橙现代学生学情画像教育培训,,2025-06-12T12:37:40.020Z
蓝橙现代学情分析教育培训,,2025-06-12T12:37:40.020Z
绿色现代学情地图教育培训,,2025-06-12T12:37:40.020Z
绿蓝现代家校沟通数据研究报告,,2025-06-12T12:37:40.020Z
绿色现代教学课堂评估研究报告,,2025-06-12T12:37:40.020Z
绿色现代家庭访问调查教育培训,,2025-06-12T12:37:40.020Z
绿橙现代课堂缺勤率教育培训,,2025-06-12T12:37:40.020Z
绿蓝现代学生作业完成情况研究报告,,2025-06-12T12:37:40.020Z
绿色现代教学进度与完成率研究报告,,2025-06-12T12:37:40.020Z
绿色现代学生参与度统计研究报告,,2025-06-12T12:37:40.020Z
绿色现代教师教学与资源研究报告,,2025-06-12T12:37:40.020Z
绿色现代学生成绩表教育培训,,2025-06-12T12:37:40.020Z
橙色浅色现代电商数据市场营销,,2024-11-28T08:38:51.312Z
橙色浅色现代简洁20XX电商数据市场营销,,2024-11-28T08:38:51.591Z
蓝色现代科技互联网+研究过报告数据分析,,2024-11-28T08:38:51.608Z
蓝色现代简洁公司销售季度总结财报,,2024-11-28T08:38:51.606Z
蓝紫现代简洁年终总结企业财报,,2024-11-28T08:38:51.772Z
绿蓝浅色现代各账号花费及转化市场营销汇报,,2024-12-04T08:56:50.722Z
橙蓝浅色简洁项业务发展情况项目汇报,,2024-11-28T08:38:52.821Z
橙色现代简洁毕业论文进度安排教育培训,,2024-11-28T08:38:53.002Z
绿色浅色现代付费用户画像研究报告,,2024-11-28T08:38:52.902Z
紫色现代简洁运营社群人数变化市场营销,,2024-11-28T08:38:52.996Z
绿黑深色现代店铺手机品牌市场营销,,2024-12-04T08:56:50.746Z
蓝色现代简洁学校财务情况分析市场营销,,2025-06-12T12:37:40.020Z
红色现代简洁大镝科技推广复盘工作总结营销,,2024-11-28T08:38:53.165Z
橙色现代简洁小镝购物节电商数据工作总结营销,,2024-11-28T08:38:53.255Z
绿色现代简洁月销售额市场营销总结,,2024-11-28T08:38:53.333Z
蓝色现代简洁项目进展工作总结,,2024-12-04T08:56:50.921Z
橙蓝现代简洁手机产品的特点研究报告,,2024-12-04T08:56:51.079Z
橙色现代简洁用户调查研究报告总结,,2024-11-28T08:38:53.395Z
蓝深色现代简洁转化率和客单价分析市场营销总结,,2024-11-28T08:38:53.541Z
蓝色现代简洁20XX项目管理数据研究报告总结,,2024-11-28T08:38:53.632Z
黑紫深色现代简洁粉丝运营数据分析市场营销报告,,2024-12-04T08:56:51.064Z
蓝黑现代简洁XX银行年度收营情况工作总结,,2024-11-28T08:38:54.835Z
绿浅色现代简洁付费用户画像市场研究报告,,2024-11-28T08:38:53.700Z
浅蓝色现代简洁20XX年项目管理数据项目汇报,,2024-12-04T08:56:51.082Z
浅紫色现代简洁评论区粉丝互动工作总结,,2024-11-28T08:38:54.984Z
红黑复古简洁双十二活动目标回顾市场营销总结,,2024-11-28T08:38:58.466Z
红黑复古简洁双十二活动目标回顾项目汇报,,2024-12-04T08:56:51.208Z
橙黄现代简洁用户分析项目汇报,,2024-12-04T08:56:51.211Z
浅橙色现代简洁20XX年CPI涨跌幅度研究报告,,2024-11-28T08:38:58.930Z
浅蓝色科技现代简洁战略分析系列-波士顿矩阵工作总结报告,,2025-02-22T16:45:46.963Z
浅蓝色科技现代简洁战略分析系列-5M Framework工作总结报告,,2025-02-22T16:45:47.208Z
浅蓝色科技现代简洁职业规划系列-IKIGAI图解研究报告总结,,2025-02-22T16:45:47.192Z
浅蓝色简洁职业规划研究报告总结,,2025-02-22T16:45:47.083Z
浅蓝色简洁使用指南研究报告工作总结,,2025-02-22T16:45:47.118Z
蓝白色简洁职业规划研究报告工作总结,,2025-02-22T16:45:47.183Z
深蓝色年终总结汇报市场营销,,2025-02-22T16:45:47.234Z
